<?xml version="1.0" encoding="UTF-8"?>
<beans:beans xmlns="http://www.springframework.org/schema/mvc"
	xmlns:xsi="http://www.w3.org/2001/XMLSchema-instance" xmlns:beans="http://www.springframework.org/schema/beans"
	xmlns:context="http://www.springframework.org/schema/context" xmlns:tx="http://www.springframework.org/schema/tx"
	xsi:schemaLocation="http://www.springframework.org/schema/mvc http://www.springframework.org/schema/mvc/spring-mvc.xsd
        http://www.springframework.org/schema/beans http://www.springframework.org/schema/beans/spring-beans.xsd
        http://www.springframework.org/schema/context http://www.springframework.org/schema/context/spring-context.xsd
        http://www.springframework.org/schema/tx http://www.springframework.org/schema/tx/spring-tx-4.0.xsd">

	<!-- DispatcherServlet Context: defines this servlet's request-processing 
		infrastructure -->

	<!-- Enables the Spring MVC @Controller programming model -->
	<annotation-driven />

	<!-- Handles HTTP GET requests for /resources/** by efficiently serving 
		up static resources in the ${webappRoot}/resources directory -->
	<resources mapping="/resources/**" location="/resources/" />

	<beans:bean id="dataSourceXE" class="org.apache.commons.dbcp.BasicDataSource" destroy-method="close">
        <beans:property name="driverClassName" value="oracle.jdbc.driver.OracleDriver"/>
        <beans:property name="url" value="jdbc:oracle:thin:@//localhost:1521/XE"/>
        <beans:property name="username" value="licodipo"/>
        <beans:property name="password" value="6326"/>
    </beans:bean>
	
	<beans:bean id="dataSource" class="org.apache.commons.dbcp.BasicDataSource"
		destroy-method="close">
		<beans:property name="driverClassName" value="com.mysql.jdbc.Driver" />
		<beans:property name="url"
			value="jdbc:mysql://localhost:3306/db_example" />
		<beans:property name="username" value="springuser" />
		<beans:property name="password" value="ThePass" />
	</beans:bean>

	<!-- Bean clase LocalSessionFactory de Hibernate 4 / nótese la ausencia del hibernate.cfg.xml -->
	<beans:bean id="hibernate4AnnotatedSessionFactory"
		class="org.springframework.orm.hibernate4.LocalSessionFactoryBean">
		<beans:property name="dataSource" ref="dataSource" />
		<beans:property name="mappingResources">
			<beans:list>
				<beans:value>com\equifax\springhibernate\model\Repuesto.hbm.xml</beans:value>
			</beans:list>
		</beans:property>
		<!-- usaremos un archivo hbm.xml para elmapeo, no necesitamos la propiedad name="annotatedClasses" -->		
		<!-- beans:property name="annotatedClasses">			
			<beans:list>
				<beans:value>com.equifax.springhibernate.model.Repuesto</beans:value>
			</beans:list>
		</beans:property-->
		<beans:property name="hibernateProperties">
			<beans:props>
				<!-- beans:prop key="hibernate.dialect">org.hibernate.dialect.MySQLDialect
				</beans:prop-->
				<beans:prop key="hibernate.dialect">org.hibernate.dialect.Oracle10gDialect
				</beans:prop>
				<beans:prop key="hibernate.show_sql">true</beans:prop>
			</beans:props>
		</beans:property>
	</beans:bean>

	<beans:bean id="RepuestoDAO"
		class="com.equifax.springhibernate.dao.RepuestoDAOImpl">
		<beans:property name="sessionFactory"
			ref="hibernate4AnnotatedSessionFactory" />
	</beans:bean>
	
	<beans:bean id="repuestoService"
		class="com.equifax.springhibernate.service.RepuestoServiceImpl">
		<!-- notar la inyección de dependencias del RepuestoDAO en la implemeción del Controller (definido como Service) -->
		<beans:property name="RepuestoDAO" ref="RepuestoDAO"></beans:property>
	</beans:bean>
	
	<context:component-scan base-package="com.equifax" />

	<tx:annotation-driven transaction-manager="transactionManager" />

	<!-- Necesitamos HibernateTransactionManager debido a que estamos usando SessionFactoryBean-->
	<beans:bean id="transactionManager"
		class="org.springframework.orm.hibernate4.HibernateTransactionManager">
		<!-- apuntamos a la instancia del SessionFactoryBean-->
		<beans:property name="sessionFactory"
			ref="hibernate4AnnotatedSessionFactory" />
	</beans:bean>

</beans:beans>