<?xml version="1.0" encoding="UTF-8"?>
<!DOCTYPE hibernate-mapping PUBLIC
    "-//Hibernate/Hibernate Mapping DTD 3.0//EN"
    "http://www.hibernate.org/dtd/hibernate-mapping-3.0.dtd">
<hibernate-mapping>
  <class name="com.equifax.springhibernate.model.Repuesto" table="repuesto">
    <id name="id" column="id">
      <generator class="sequence">
      	<param name="sequence">REPUESTO_SEQ</param>
      </generator>
      
      <!--generator class="identity"/-->
    </id>
    <property name="nombre" column="nombre"/>
    <property name="marca" column="marca"  />
    <property name="cantidad" column="cantidad"/>
  </class>  
</hibernate-mapping>